Marca temporal,Participante,Carrera,Primer puesto,Segundo puesto,Tercer puesto,Cuarto puesto,Quinto puesto,Sexto puesto,Séptimo puesto,Octavo puesto,Noveno puesto,Décimo puesto,Vuelta Rápida,Franco Colapinto
19/07/2026 0:56:37,lautarotourres,Belgica,Kimi Antonelli,Charles Leclerc,Lewis Hamilton,Max Verstappen,George Russell,Liam Lawson,Franco Colapinto,Pierre Gasly,Lando Norris,Gabriel Bortoletto,Kimi Antonelli,Sexto Puesto
19/07/2026 2:01:33,riqueropetiniha,Belgica,Kimi Antonelli,Lewis Hamilton,Charles Leclerc,Max Verstappen,George Russell,Oscar Piastri,Lando Norris,Pierre Gasly,Franco Colapinto,Gabriel Bortoletto,Max Verstappen,Noveno Puesto
19/07/2026 4:23:41,riquerorori1993,Belgica,Kimi Antonelli,Max Verstappen,George Russell,Charles Leclerc,Lewis Hamilton,Oscar Piastri,Gabriel Bortoletto,Pierre Gasly,Liam Lawson,Franco Colapinto,Lando Norris,Décimo Puesto
19/07/2026 6:31:57,alinaiaraceleste,Belgica,Kimi Antonelli,Max Verstappen,Lewis Hamilton,Lando Norris,Charles Leclerc,George Russell,Oscar Piastri,Arvid Lindblad,Isack Hadjar,Gabriel Bortoletto,Kimi Antonelli,Décimo Segundo Puesto
19/07/2026 6:49:40,damiantourres,Belgica,Kimi Antonelli,George Russell,Charles Leclerc,Oscar Piastri,Max Verstappen,Lewis Hamilton,Lando Norris,Liam Lawson,Isack Hadjar,Arvid Lindblad,Kimi Antonelli,Décimo Segundo Puesto
19/07/2026 9:06:04,eugeniabanini,Belgica,Kimi Antonelli,Max Verstappen,Lewis Hamilton,Charles Leclerc,George Russell,Oscar Piastri,Arvid Lindblad,Lando Norris,Liam Lawson,Pierre Gasly,Kimi Antonelli,Décimo Segundo Puesto
19/07/2026 9:39:07,friquero,Belgica,Max Verstappen,Kimi Antonelli,Lewis Hamilton,George Russell,Charles Leclerc,Oscar Piastri,Lando Norris,Isack Hadjar,Arvid Lindblad,Gabriel Bortoletto,Max Verstappen,Tercer Puesto
19/07/2026 9:51:30,miriquero,Belgica,Kimi Antonelli,Max Verstappen,George Russell,Charles Leclerc,Oscar Piastri,Lewis Hamilton,Lando Norris,Arvid Lindblad,Liam Lawson,Isack Hadjar,Kimi Antonelli,Décimo Tercer Puesto
19/07/2026 9:53:08,riquerole,Belgica,Kimi Antonelli,Max Verstappen,George Russell,Charles Leclerc,Lewis Hamilton,Oscar Piastri,Arvid Lindblad,Gabriel Bortoletto,Liam Lawson,Pierre Gasly,Kimi Antonelli,Décimo Primer Puesto
