Marca temporal,Dirección de correo electrónico,Carrera,Primer puesto,Segundo puesto,Tercer puesto,Cuarto puesto,Quinto puesto,Sexto puesto,Séptimo puesto,Octavo puesto,Noveno puesto,Décimo puesto,Vuelta Rápida,Franco Colapinto
13/06/2026 22:59:03,lautarotourres@gmail.com,Barcelona,George Russell,Kimi Antonelli,Lewis Hamilton,Max Verstappen,Lando Norris,Oscar Piastri,Charles Leclerc,Isack Hadjar,Liam Lawson,Pierre Gasly,George Russell,Décimo Primer Puesto
14/06/2026 2:10:49,riquerole@gmail.com,Barcelona,George Russell,Kimi Antonelli,Lewis Hamilton,Charles Leclerc,Max Verstappen,Lando Norris,Oscar Piastri,Isack Hadjar,Liam Lawson,Nico Hülkenberg,Charles Leclerc,Décimo Tercer Puesto
14/06/2026 5:21:19,alinaiaraceleste@gmail.com,Barcelona,Kimi Antonelli,George Russell,Lewis Hamilton,Oscar Piastri,Charles Leclerc,Max Verstappen,Lando Norris,Isack Hadjar,Liam Lawson,Arvid Lindblad,Kimi Antonelli,Décimo Tercer Puesto
14/06/2026 9:02:30,damiantourres@gmail.com,Barcelona,George Russell,Kimi Antonelli,Lando Norris,Lewis Hamilton,Max Verstappen,Charles Leclerc,Liam Lawson,Arvid Lindblad,Nico Hülkenberg,Gabriel Bortoletto,George Russell,Décimo Tercer Puesto
14/06/2026 9:13:59,eugeniabanini@yahoo.com.ar,Barcelona,Kimi Antonelli,Lando Norris,Lewis Hamilton,George Russell,Max Verstappen,Oscar Piastri,Charles Leclerc,Isack Hadjar,Liam Lawson,Nico Hülkenberg,Charles Leclerc,Décimo Primer Puesto
14/06/2026 9:40:18,riqueropetiniha@gmail.com,Barcelona,Lewis Hamilton,Kimi Antonelli,George Russell,Oscar Piastri,Liam Lawson,Arvid Lindblad,Isack Hadjar,Charles Leclerc,Lando Norris,Nico Hülkenberg,Kimi Antonelli,Décimo Segundo Puesto
14/06/2026 9:42:22,friquero@gmail.com,Barcelona,George Russell,Kimi Antonelli,Lewis Hamilton,Max Verstappen,Lando Norris,Oscar Piastri,Charles Leclerc,Isack Hadjar,Nico Hülkenberg,Arvid Lindblad,George Russell,Décimo Cuarto Puesto
14/06/2026 9:43:33,miriquero@gmail.com,Barcelona,Kimi Antonelli,George Russell,Lewis Hamilton,Lando Norris,Charles Leclerc,Oscar Piastri,Max Verstappen,Isack Hadjar,Arvid Lindblad,Gabriel Bortoletto,Kimi Antonelli,Décimo Segundo Puesto
14/06/2026 9:51:24,riquerorori1993@gmail.com,Barcelona,Kimi Antonelli,George Russell,Lando Norris,Lewis Hamilton,Oscar Piastri,Max Verstappen,Isack Hadjar,Charles Leclerc,Liam Lawson,Nico Hülkenberg,Lando Norris,Décimo Tercer Puesto
